Date,День,месяц_,Номер недели,месяцномер,weekday,деньнедели,абсолютный номер недели,номер недели р,numweek
2021-01-01 00:00:00,1,янв,1,1,6,Пт,202101,1,1
2021-01-02 00:00:00,2,янв,1,1,7,Сб,202101,1,1
2021-01-03 00:00:00,3,янв,2,1,1,Вс,202102,1,2
2021-01-04 00:00:00,4,янв,2,1,2,Пн,202102,2,2
2021-01-05 00:00:00,5,янв,2,1,3,Вт,202102,2,2
2021-01-06 00:00:00,6,янв,2,1,4,Ср,202102,2,2
2021-01-07 00:00:00,7,янв,2,1,5,Чт,202102,2,2
2021-01-08 00:00:00,8,янв,2,1,6,Пт,202102,2,2
2021-01-09 00:00:00,9,янв,2,1,7,Сб,202102,2,2
2021-01-10 00:00:00,10,янв,3,1,1,Вс,202103,2,3
2021-01-11 00:00:00,11,янв,3,1,2,Пн,202103,3,3
2021-01-12 00:00:00,12,янв,3,1,3,Вт,202103,3,3
2021-01-13 00:00:00,13,янв,3,1,4,Ср,202103,3,3
2021-01-14 00:00:00,14,янв,3,1,5,Чт,202103,3,3
2021-01-15 00:00:00,15,янв,3,1,6,Пт,202103,3,3
2021-01-16 00:00:00,16,янв,3,1,7,Сб,202103,3,3
2021-01-17 00:00:00,17,янв,4,1,1,Вс,202104,3,4
2021-01-18 00:00:00,18,янв,4,1,2,Пн,202104,4,4
2021-01-19 00:00:00,19,янв,4,1,3,Вт,202104,4,4
2021-01-20 00:00:00,20,янв,4,1,4,Ср,202104,4,4
2021-01-21 00:00:00,21,янв,4,1,5,Чт,202104,4,4
2021-01-22 00:00:00,22,янв,4,1,6,Пт,202104,4,4
2021-01-23 00:00:00,23,янв,4,1,7,Сб,202104,4,4
2021-01-24 00:00:00,24,янв,5,1,1,Вс,202105,4,5
2021-01-25 00:00:00,25,янв,5,1,2,Пн,202105,5,5
2021-01-26 00:00:00,26,янв,5,1,3,Вт,202105,5,5
2021-01-27 00:00:00,27,янв,5,1,4,Ср,202105,5,5
2021-01-28 00:00:00,28,янв,5,1,5,Чт,202105,5,5
2021-01-29 00:00:00,29,янв,5,1,6,Пт,202105,5,5
2021-01-30 00:00:00,30,янв,5,1,7,Сб,202105,5,5
2021-01-31 00:00:00,31,янв,6,1,1,Вс,202106,5,6
2021-02-01 00:00:00,1,фев,6,2,2,Пн,202106,6,6
2021-02-02 00:00:00,2,фев,6,2,3,Вт,202106,6,6
2021-02-03 00:00:00,3,фев,6,2,4,Ср,202106,6,6
2021-02-04 00:00:00,4,фев,6,2,5,Чт,202106,6,6
2021-02-05 00:00:00,5,фев,6,2,6,Пт,202106,6,6
2021-02-06 00:00:00,6,фев,6,2,7,Сб,202106,6,6
2021-02-07 00:00:00,7,фев,7,2,1,Вс,202107,6,7
2021-02-08 00:00:00,8,фев,7,2,2,Пн,202107,7,7
2021-02-09 00:00:00,9,фев,7,2,3,Вт,202107,7,7
2021-02-10 00:00:00,10,фев,7,2,4,Ср,202107,7,7
2021-02-11 00:00:00,11,фев,7,2,5,Чт,202107,7,7
2021-02-12 00:00:00,12,фев,7,2,6,Пт,202107,7,7
2021-02-13 00:00:00,13,фев,7,2,7,Сб,202107,7,7
2021-02-14 00:00:00,14,фев,8,2,1,Вс,202108,7,8
2021-02-15 00:00:00,15,фев,8,2,2,Пн,202108,8,8
2021-02-16 00:00:00,16,фев,8,2,3,Вт,202108,8,8
2021-02-17 00:00:00,17,фев,8,2,4,Ср,202108,8,8
2021-02-18 00:00:00,18,фев,8,2,5,Чт,202108,8,8
2021-02-19 00:00:00,19,фев,8,2,6,Пт,202108,8,8
2021-02-20 00:00:00,20,фев,8,2,7,Сб,202108,8,8
2021-02-21 00:00:00,21,фев,9,2,1,Вс,202109,8,9
2021-02-22 00:00:00,22,фев,9,2,2,Пн,202109,9,9
2021-02-23 00:00:00,23,фев,9,2,3,Вт,202109,9,9
2021-02-24 00:00:00,24,фев,9,2,4,Ср,202109,9,9
2021-02-25 00:00:00,25,фев,9,2,5,Чт,202109,9,9
2021-02-26 00:00:00,26,фев,9,2,6,Пт,202109,9,9
2021-02-27 00:00:00,27,фев,9,2,7,Сб,202109,9,9
2021-02-28 00:00:00,28,фев,10,2,1,Вс,202110,9,10
2021-03-01 00:00:00,1,мар,10,3,2,Пн,202110,10,10
2021-03-02 00:00:00,2,мар,10,3,3,Вт,202110,10,10
2021-03-03 00:00:00,3,мар,10,3,4,Ср,202110,10,10
2021-03-04 00:00:00,4,мар,10,3,5,Чт,202110,10,10
2021-03-05 00:00:00,5,мар,10,3,6,Пт,202110,10,10
2021-03-06 00:00:00,6,мар,10,3,7,Сб,202110,10,10
2021-03-07 00:00:00,7,мар,11,3,1,Вс,202111,10,11
2021-03-08 00:00:00,8,мар,11,3,2,Пн,202111,11,11
2021-03-09 00:00:00,9,мар,11,3,3,Вт,202111,11,11
2021-03-10 00:00:00,10,мар,11,3,4,Ср,202111,11,11
2021-03-11 00:00:00,11,мар,11,3,5,Чт,202111,11,11
2021-03-12 00:00:00,12,мар,11,3,6,Пт,202111,11,11
2021-03-13 00:00:00,13,мар,11,3,7,Сб,202111,11,11
2021-03-14 00:00:00,14,мар,12,3,1,Вс,202112,11,12
2021-03-15 00:00:00,15,мар,12,3,2,Пн,202112,12,12
2021-03-16 00:00:00,16,мар,12,3,3,Вт,202112,12,12
2021-03-17 00:00:00,17,мар,12,3,4,Ср,202112,12,12
2021-03-18 00:00:00,18,мар,12,3,5,Чт,202112,12,12
2021-03-19 00:00:00,19,мар,12,3,6,Пт,202112,12,12
2021-03-20 00:00:00,20,мар,12,3,7,Сб,202112,12,12
2021-03-21 00:00:00,21,мар,13,3,1,Вс,202113,12,13
2021-03-22 00:00:00,22,мар,13,3,2,Пн,202113,13,13
2021-03-23 00:00:00,23,мар,13,3,3,Вт,202113,13,13
2021-03-24 00:00:00,24,мар,13,3,4,Ср,202113,13,13
2021-03-25 00:00:00,25,мар,13,3,5,Чт,202113,13,13
2021-03-26 00:00:00,26,мар,13,3,6,Пт,202113,13,13
2021-03-27 00:00:00,27,мар,13,3,7,Сб,202113,13,13
2021-03-28 00:00:00,28,мар,14,3,1,Вс,202114,13,14
2021-03-29 00:00:00,29,мар,14,3,2,Пн,202114,14,14
2021-03-30 00:00:00,30,мар,14,3,3,Вт,202114,14,14
2021-03-31 00:00:00,31,мар,14,3,4,Ср,202114,14,14
2021-04-01 00:00:00,1,апр,14,4,5,Чт,202114,14,14
2021-04-02 00:00:00,2,апр,14,4,6,Пт,202114,14,14
2021-04-03 00:00:00,3,апр,14,4,7,Сб,202114,14,14
2021-04-04 00:00:00,4,апр,15,4,1,Вс,202115,14,15
2021-04-05 00:00:00,5,апр,15,4,2,Пн,202115,15,15
2021-04-06 00:00:00,6,апр,15,4,3,Вт,202115,15,15
2021-04-07 00:00:00,7,апр,15,4,4,Ср,202115,15,15
2021-04-08 00:00:00,8,апр,15,4,5,Чт,202115,15,15
2021-04-09 00:00:00,9,апр,15,4,6,Пт,202115,15,15
2021-04-10 00:00:00,10,апр,15,4,7,Сб,202115,15,15
2021-04-11 00:00:00,11,апр,16,4,1,Вс,202116,15,16
2021-04-12 00:00:00,12,апр,16,4,2,Пн,202116,16,16
2021-04-13 00:00:00,13,апр,16,4,3,Вт,202116,16,16
2021-04-14 00:00:00,14,апр,16,4,4,Ср,202116,16,16
2021-04-15 00:00:00,15,апр,16,4,5,Чт,202116,16,16
2021-04-16 00:00:00,16,апр,16,4,6,Пт,202116,16,16
2021-04-17 00:00:00,17,апр,16,4,7,Сб,202116,16,16
2021-04-18 00:00:00,18,апр,17,4,1,Вс,202117,16,17
2021-04-19 00:00:00,19,апр,17,4,2,Пн,202117,17,17
2021-04-20 00:00:00,20,апр,17,4,3,Вт,202117,17,17
2021-04-21 00:00:00,21,апр,17,4,4,Ср,202117,17,17
2021-04-22 00:00:00,22,апр,17,4,5,Чт,202117,17,17
2021-04-23 00:00:00,23,апр,17,4,6,Пт,202117,17,17
2021-04-24 00:00:00,24,апр,17,4,7,Сб,202117,17,17
2021-04-25 00:00:00,25,апр,18,4,1,Вс,202118,17,18
2021-04-26 00:00:00,26,апр,18,4,2,Пн,202118,18,18
2021-04-27 00:00:00,27,апр,18,4,3,Вт,202118,18,18
2021-04-28 00:00:00,28,апр,18,4,4,Ср,202118,18,18
2021-04-29 00:00:00,29,апр,18,4,5,Чт,202118,18,18
2021-04-30 00:00:00,30,апр,18,4,6,Пт,202118,18,18
2021-05-01 00:00:00,1,май,18,5,7,Сб,202118,18,18
2021-05-02 00:00:00,2,май,19,5,1,Вс,202119,18,19
2021-05-03 00:00:00,3,май,19,5,2,Пн,202119,19,19
2021-05-04 00:00:00,4,май,19,5,3,Вт,202119,19,19
2021-05-05 00:00:00,5,май,19,5,4,Ср,202119,19,19
2021-05-06 00:00:00,6,май,19,5,5,Чт,202119,19,19
2021-05-07 00:00:00,7,май,19,5,6,Пт,202119,19,19
2021-05-08 00:00:00,8,май,19,5,7,Сб,202119,19,19
2021-05-09 00:00:00,9,май,20,5,1,Вс,202120,19,20
2021-05-10 00:00:00,10,май,20,5,2,Пн,202120,20,20
2021-05-11 00:00:00,11,май,20,5,3,Вт,202120,20,20
2021-05-12 00:00:00,12,май,20,5,4,Ср,202120,20,20
2021-05-13 00:00:00,13,май,20,5,5,Чт,202120,20,20
2021-05-14 00:00:00,14,май,20,5,6,Пт,202120,20,20
2021-05-15 00:00:00,15,май,20,5,7,Сб,202120,20,20
2021-05-16 00:00:00,16,май,21,5,1,Вс,202121,20,21
2021-05-17 00:00:00,17,май,21,5,2,Пн,202121,21,21
2021-05-18 00:00:00,18,май,21,5,3,Вт,202121,21,21
2021-05-19 00:00:00,19,май,21,5,4,Ср,202121,21,21
2021-05-20 00:00:00,20,май,21,5,5,Чт,202121,21,21
2021-05-21 00:00:00,21,май,21,5,6,Пт,202121,21,21
2021-05-22 00:00:00,22,май,21,5,7,Сб,202121,21,21
2021-05-23 00:00:00,23,май,22,5,1,Вс,202122,21,22
2021-05-24 00:00:00,24,май,22,5,2,Пн,202122,22,22
2021-05-25 00:00:00,25,май,22,5,3,Вт,202122,22,22
2021-05-26 00:00:00,26,май,22,5,4,Ср,202122,22,22
2021-05-27 00:00:00,27,май,22,5,5,Чт,202122,22,22
2021-05-28 00:00:00,28,май,22,5,6,Пт,202122,22,22
2021-05-29 00:00:00,29,май,22,5,7,Сб,202122,22,22
2021-05-30 00:00:00,30,май,23,5,1,Вс,202123,22,23
2021-05-31 00:00:00,31,май,23,5,2,Пн,202123,23,23
2021-06-01 00:00:00,1,июн,23,6,3,Вт,202123,23,23
2021-06-02 00:00:00,2,июн,23,6,4,Ср,202123,23,23
2021-06-03 00:00:00,3,июн,23,6,5,Чт,202123,23,23
2021-06-04 00:00:00,4,июн,23,6,6,Пт,202123,23,23
2021-06-05 00:00:00,5,июн,23,6,7,Сб,202123,23,23
2021-06-06 00:00:00,6,июн,24,6,1,Вс,202124,23,24
2021-06-07 00:00:00,7,июн,24,6,2,Пн,202124,24,24
2021-06-08 00:00:00,8,июн,24,6,3,Вт,202124,24,24
2021-06-09 00:00:00,9,июн,24,6,4,Ср,202124,24,24
2021-06-10 00:00:00,10,июн,24,6,5,Чт,202124,24,24
2021-06-11 00:00:00,11,июн,24,6,6,Пт,202124,24,24
2021-06-12 00:00:00,12,июн,24,6,7,Сб,202124,24,24
2021-06-13 00:00:00,13,июн,25,6,1,Вс,202125,24,25
2021-06-14 00:00:00,14,июн,25,6,2,Пн,202125,25,25
2021-06-15 00:00:00,15,июн,25,6,3,Вт,202125,25,25
2021-06-16 00:00:00,16,июн,25,6,4,Ср,202125,25,25
2021-06-17 00:00:00,17,июн,25,6,5,Чт,202125,25,25
2021-06-18 00:00:00,18,июн,25,6,6,Пт,202125,25,25
2021-06-19 00:00:00,19,июн,25,6,7,Сб,202125,25,25
2021-06-20 00:00:00,20,июн,26,6,1,Вс,202126,25,26
2021-06-21 00:00:00,21,июн,26,6,2,Пн,202126,26,26
2021-06-22 00:00:00,22,июн,26,6,3,Вт,202126,26,26
2021-06-23 00:00:00,23,июн,26,6,4,Ср,202126,26,26
2021-06-24 00:00:00,24,июн,26,6,5,Чт,202126,26,26
2021-06-25 00:00:00,25,июн,26,6,6,Пт,202126,26,26
2021-06-26 00:00:00,26,июн,26,6,7,Сб,202126,26,26
2021-06-27 00:00:00,27,июн,27,6,1,Вс,202127,26,27
2021-06-28 00:00:00,28,июн,27,6,2,Пн,202127,27,27
2021-06-29 00:00:00,29,июн,27,6,3,Вт,202127,27,27
2021-06-30 00:00:00,30,июн,27,6,4,Ср,202127,27,27
2021-07-01 00:00:00,1,июл,27,7,5,Чт,202127,27,27
2021-07-02 00:00:00,2,июл,27,7,6,Пт,202127,27,27
2021-07-03 00:00:00,3,июл,27,7,7,Сб,202127,27,27
2021-07-04 00:00:00,4,июл,28,7,1,Вс,202128,27,28
2021-07-05 00:00:00,5,июл,28,7,2,Пн,202128,28,28
2021-07-06 00:00:00,6,июл,28,7,3,Вт,202128,28,28
2021-07-07 00:00:00,7,июл,28,7,4,Ср,202128,28,28
2021-07-08 00:00:00,8,июл,28,7,5,Чт,202128,28,28
2021-07-09 00:00:00,9,июл,28,7,6,Пт,202128,28,28
2021-07-10 00:00:00,10,июл,28,7,7,Сб,202128,28,28
2021-07-11 00:00:00,11,июл,29,7,1,Вс,202129,28,29
2021-07-12 00:00:00,12,июл,29,7,2,Пн,202129,29,29
2021-07-13 00:00:00,13,июл,29,7,3,Вт,202129,29,29
2021-07-14 00:00:00,14,июл,29,7,4,Ср,202129,29,29
2021-07-15 00:00:00,15,июл,29,7,5,Чт,202129,29,29
2021-07-16 00:00:00,16,июл,29,7,6,Пт,202129,29,29
2021-07-17 00:00:00,17,июл,29,7,7,Сб,202129,29,29
2021-07-18 00:00:00,18,июл,30,7,1,Вс,202130,29,30
2021-07-19 00:00:00,19,июл,30,7,2,Пн,202130,30,30
2021-07-20 00:00:00,20,июл,30,7,3,Вт,202130,30,30
2021-07-21 00:00:00,21,июл,30,7,4,Ср,202130,30,30
2021-07-22 00:00:00,22,июл,30,7,5,Чт,202130,30,30
2021-07-23 00:00:00,23,июл,30,7,6,Пт,202130,30,30
2021-07-24 00:00:00,24,июл,30,7,7,Сб,202130,30,30
2021-07-25 00:00:00,25,июл,31,7,1,Вс,202131,30,31
2021-07-26 00:00:00,26,июл,31,7,2,Пн,202131,31,31
2021-07-27 00:00:00,27,июл,31,7,3,Вт,202131,31,31
2021-07-28 00:00:00,28,июл,31,7,4,Ср,202131,31,31
2021-07-29 00:00:00,29,июл,31,7,5,Чт,202131,31,31
2021-07-30 00:00:00,30,июл,31,7,6,Пт,202131,31,31
2021-07-31 00:00:00,31,июл,31,7,7,Сб,202131,31,31
2021-08-01 00:00:00,1,авг,32,8,1,Вс,202132,31,32
2021-08-02 00:00:00,2,авг,32,8,2,Пн,202132,32,32
2021-08-03 00:00:00,3,авг,32,8,3,Вт,202132,32,32
2021-08-04 00:00:00,4,авг,32,8,4,Ср,202132,32,32
2021-08-05 00:00:00,5,авг,32,8,5,Чт,202132,32,32
2021-08-06 00:00:00,6,авг,32,8,6,Пт,202132,32,32
2021-08-07 00:00:00,7,авг,32,8,7,Сб,202132,32,32
2021-08-08 00:00:00,8,авг,33,8,1,Вс,202133,32,33
2021-08-09 00:00:00,9,авг,33,8,2,Пн,202133,33,33
2021-08-10 00:00:00,10,авг,33,8,3,Вт,202133,33,33
2021-08-11 00:00:00,11,авг,33,8,4,Ср,202133,33,33
2021-08-12 00:00:00,12,авг,33,8,5,Чт,202133,33,33
2021-08-13 00:00:00,13,авг,33,8,6,Пт,202133,33,33
2021-08-14 00:00:00,14,авг,33,8,7,Сб,202133,33,33
2021-08-15 00:00:00,15,авг,34,8,1,Вс,202134,33,34
2021-08-16 00:00:00,16,авг,34,8,2,Пн,202134,34,34
2021-08-17 00:00:00,17,авг,34,8,3,Вт,202134,34,34
2021-08-18 00:00:00,18,авг,34,8,4,Ср,202134,34,34
2021-08-19 00:00:00,19,авг,34,8,5,Чт,202134,34,34
2021-08-20 00:00:00,20,авг,34,8,6,Пт,202134,34,34
2021-08-21 00:00:00,21,авг,34,8,7,Сб,202134,34,34
2021-08-22 00:00:00,22,авг,35,8,1,Вс,202135,34,35
2021-08-23 00:00:00,23,авг,35,8,2,Пн,202135,35,35
2021-08-24 00:00:00,24,авг,35,8,3,Вт,202135,35,35
2021-08-25 00:00:00,25,авг,35,8,4,Ср,202135,35,35
2021-08-26 00:00:00,26,авг,35,8,5,Чт,202135,35,35
2021-08-27 00:00:00,27,авг,35,8,6,Пт,202135,35,35
2021-08-28 00:00:00,28,авг,35,8,7,Сб,202135,35,35
2021-08-29 00:00:00,29,авг,36,8,1,Вс,202136,35,36
2021-08-30 00:00:00,30,авг,36,8,2,Пн,202136,36,36
2021-08-31 00:00:00,31,авг,36,8,3,Вт,202136,36,36
2021-09-01 00:00:00,1,сен,36,9,4,Ср,202136,36,36
2021-09-02 00:00:00,2,сен,36,9,5,Чт,202136,36,36
2021-09-03 00:00:00,3,сен,36,9,6,Пт,202136,36,36
2021-09-04 00:00:00,4,сен,36,9,7,Сб,202136,36,36
2021-09-05 00:00:00,5,сен,37,9,1,Вс,202137,36,37
2021-09-06 00:00:00,6,сен,37,9,2,Пн,202137,37,37
2021-09-07 00:00:00,7,сен,37,9,3,Вт,202137,37,37
2021-09-08 00:00:00,8,сен,37,9,4,Ср,202137,37,37
2021-09-09 00:00:00,9,сен,37,9,5,Чт,202137,37,37
2021-09-10 00:00:00,10,сен,37,9,6,Пт,202137,37,37
2021-09-11 00:00:00,11,сен,37,9,7,Сб,202137,37,37
2021-09-12 00:00:00,12,сен,38,9,1,Вс,202138,37,38
2021-09-13 00:00:00,13,сен,38,9,2,Пн,202138,38,38
2021-09-14 00:00:00,14,сен,38,9,3,Вт,202138,38,38
2021-09-15 00:00:00,15,сен,38,9,4,Ср,202138,38,38
2021-09-16 00:00:00,16,сен,38,9,5,Чт,202138,38,38
2021-09-17 00:00:00,17,сен,38,9,6,Пт,202138,38,38
2021-09-18 00:00:00,18,сен,38,9,7,Сб,202138,38,38
2021-09-19 00:00:00,19,сен,39,9,1,Вс,202139,38,39
2021-09-20 00:00:00,20,сен,39,9,2,Пн,202139,39,39
2021-09-21 00:00:00,21,сен,39,9,3,Вт,202139,39,39
2021-09-22 00:00:00,22,сен,39,9,4,Ср,202139,39,39
2021-09-23 00:00:00,23,сен,39,9,5,Чт,202139,39,39
2021-09-24 00:00:00,24,сен,39,9,6,Пт,202139,39,39
2021-09-25 00:00:00,25,сен,39,9,7,Сб,202139,39,39
2021-09-26 00:00:00,26,сен,40,9,1,Вс,202140,39,40
2021-09-27 00:00:00,27,сен,40,9,2,Пн,202140,40,40
2021-09-28 00:00:00,28,сен,40,9,3,Вт,202140,40,40
2021-09-29 00:00:00,29,сен,40,9,4,Ср,202140,40,40
2021-09-30 00:00:00,30,сен,40,9,5,Чт,202140,40,40
2021-10-01 00:00:00,1,окт,40,10,6,Пт,202140,40,40
2021-10-02 00:00:00,2,окт,40,10,7,Сб,202140,40,40
2021-10-03 00:00:00,3,окт,41,10,1,Вс,202141,40,41
2021-10-04 00:00:00,4,окт,41,10,2,Пн,202141,41,41
2021-10-05 00:00:00,5,окт,41,10,3,Вт,202141,41,41
2021-10-06 00:00:00,6,окт,41,10,4,Ср,202141,41,41
2021-10-07 00:00:00,7,окт,41,10,5,Чт,202141,41,41
2021-10-08 00:00:00,8,окт,41,10,6,Пт,202141,41,41
2021-10-09 00:00:00,9,окт,41,10,7,Сб,202141,41,41
2021-10-10 00:00:00,10,окт,42,10,1,Вс,202142,41,42
2021-10-11 00:00:00,11,окт,42,10,2,Пн,202142,42,42
2021-10-12 00:00:00,12,окт,42,10,3,Вт,202142,42,42
2021-10-13 00:00:00,13,окт,42,10,4,Ср,202142,42,42
2021-10-14 00:00:00,14,окт,42,10,5,Чт,202142,42,42
2021-10-15 00:00:00,15,окт,42,10,6,Пт,202142,42,42
2021-10-16 00:00:00,16,окт,42,10,7,Сб,202142,42,42
2021-10-17 00:00:00,17,окт,43,10,1,Вс,202143,42,43
2021-10-18 00:00:00,18,окт,43,10,2,Пн,202143,43,43
2021-10-19 00:00:00,19,окт,43,10,3,Вт,202143,43,43
2021-10-20 00:00:00,20,окт,43,10,4,Ср,202143,43,43
2021-10-21 00:00:00,21,окт,43,10,5,Чт,202143,43,43
2021-10-22 00:00:00,22,окт,43,10,6,Пт,202143,43,43
2021-10-23 00:00:00,23,окт,43,10,7,Сб,202143,43,43
2021-10-24 00:00:00,24,окт,44,10,1,Вс,202144,43,44
2021-10-25 00:00:00,25,окт,44,10,2,Пн,202144,44,44
2021-10-26 00:00:00,26,окт,44,10,3,Вт,202144,44,44
2021-10-27 00:00:00,27,окт,44,10,4,Ср,202144,44,44
2021-10-28 00:00:00,28,окт,44,10,5,Чт,202144,44,44
2021-10-29 00:00:00,29,окт,44,10,6,Пт,202144,44,44
2021-10-30 00:00:00,30,окт,44,10,7,Сб,202144,44,44
2021-10-31 00:00:00,31,окт,45,10,1,Вс,202145,44,45
2021-11-01 00:00:00,1,ноя,45,11,2,Пн,202145,45,45
2021-11-02 00:00:00,2,ноя,45,11,3,Вт,202145,45,45
2021-11-03 00:00:00,3,ноя,45,11,4,Ср,202145,45,45
2021-11-04 00:00:00,4,ноя,45,11,5,Чт,202145,45,45
2021-11-05 00:00:00,5,ноя,45,11,6,Пт,202145,45,45
2021-11-06 00:00:00,6,ноя,45,11,7,Сб,202145,45,45
2021-11-07 00:00:00,7,ноя,46,11,1,Вс,202146,45,46
2021-11-08 00:00:00,8,ноя,46,11,2,Пн,202146,46,46
2021-11-09 00:00:00,9,ноя,46,11,3,Вт,202146,46,46
2021-11-10 00:00:00,10,ноя,46,11,4,Ср,202146,46,46
2021-11-11 00:00:00,11,ноя,46,11,5,Чт,202146,46,46
2021-11-12 00:00:00,12,ноя,46,11,6,Пт,202146,46,46
2021-11-13 00:00:00,13,ноя,46,11,7,Сб,202146,46,46
2021-11-14 00:00:00,14,ноя,47,11,1,Вс,202147,46,47
2021-11-15 00:00:00,15,ноя,47,11,2,Пн,202147,47,47
2021-11-16 00:00:00,16,ноя,47,11,3,Вт,202147,47,47
2021-11-17 00:00:00,17,ноя,47,11,4,Ср,202147,47,47
2021-11-18 00:00:00,18,ноя,47,11,5,Чт,202147,47,47
2021-11-19 00:00:00,19,ноя,47,11,6,Пт,202147,47,47
2021-11-20 00:00:00,20,ноя,47,11,7,Сб,202147,47,47
2021-11-21 00:00:00,21,ноя,48,11,1,Вс,202148,47,48
2021-11-22 00:00:00,22,ноя,48,11,2,Пн,202148,48,48
2021-11-23 00:00:00,23,ноя,48,11,3,Вт,202148,48,48
2021-11-24 00:00:00,24,ноя,48,11,4,Ср,202148,48,48
2021-11-25 00:00:00,25,ноя,48,11,5,Чт,202148,48,48
2021-11-26 00:00:00,26,ноя,48,11,6,Пт,202148,48,48
2021-11-27 00:00:00,27,ноя,48,11,7,Сб,202148,48,48
2021-11-28 00:00:00,28,ноя,49,11,1,Вс,202149,48,49
2021-11-29 00:00:00,29,ноя,49,11,2,Пн,202149,49,49
2021-11-30 00:00:00,30,ноя,49,11,3,Вт,202149,49,49
2021-12-01 00:00:00,1,дек,49,12,4,Ср,202149,49,49
2021-12-02 00:00:00,2,дек,49,12,5,Чт,202149,49,49
2021-12-03 00:00:00,3,дек,49,12,6,Пт,202149,49,49
2021-12-04 00:00:00,4,дек,49,12,7,Сб,202149,49,49
2021-12-05 00:00:00,5,дек,50,12,1,Вс,202150,49,50
2021-12-06 00:00:00,6,дек,50,12,2,Пн,202150,50,50
2021-12-07 00:00:00,7,дек,50,12,3,Вт,202150,50,50
2021-12-08 00:00:00,8,дек,50,12,4,Ср,202150,50,50
2021-12-09 00:00:00,9,дек,50,12,5,Чт,202150,50,50
2021-12-10 00:00:00,10,дек,50,12,6,Пт,202150,50,50
2021-12-11 00:00:00,11,дек,50,12,7,Сб,202150,50,50
2021-12-12 00:00:00,12,дек,51,12,1,Вс,202151,50,51
2021-12-13 00:00:00,13,дек,51,12,2,Пн,202151,51,51
2021-12-14 00:00:00,14,дек,51,12,3,Вт,202151,51,51
2021-12-15 00:00:00,15,дек,51,12,4,Ср,202151,51,51
2021-12-16 00:00:00,16,дек,51,12,5,Чт,202151,51,51
2021-12-17 00:00:00,17,дек,51,12,6,Пт,202151,51,51
2021-12-18 00:00:00,18,дек,51,12,7,Сб,202151,51,51
2021-12-19 00:00:00,19,дек,52,12,1,Вс,202152,51,52
2021-12-20 00:00:00,20,дек,52,12,2,Пн,202152,52,52
2021-12-21 00:00:00,21,дек,52,12,3,Вт,202152,52,52
2021-12-22 00:00:00,22,дек,52,12,4,Ср,202152,52,52
2021-12-23 00:00:00,23,дек,52,12,5,Чт,202152,52,52
2021-12-24 00:00:00,24,дек,52,12,6,Пт,202152,52,52
2021-12-25 00:00:00,25,дек,52,12,7,Сб,202152,52,52
2021-12-26 00:00:00,26,дек,53,12,1,Вс,202153,52,53
2021-12-27 00:00:00,27,дек,53,12,2,Пн,202153,53,53
2021-12-28 00:00:00,28,дек,53,12,3,Вт,202153,53,53
2021-12-29 00:00:00,29,дек,53,12,4,Ср,202153,53,53
2021-12-30 00:00:00,30,дек,53,12,5,Чт,202153,53,53
2021-12-31 00:00:00,31,дек,53,12,6,Пт,202153,53,53
2022-01-01 00:00:00,1,янв,1,1,7,Сб,202201,1,1
2022-01-02 00:00:00,2,янв,2,1,1,Вс,202202,1,2
2022-01-03 00:00:00,3,янв,2,1,2,Пн,202202,2,2
2022-01-04 00:00:00,4,янв,2,1,3,Вт,202202,2,2
2022-01-05 00:00:00,5,янв,2,1,4,Ср,202202,2,2
2022-01-06 00:00:00,6,янв,2,1,5,Чт,202202,2,2
2022-01-07 00:00:00,7,янв,2,1,6,Пт,202202,2,2
2022-01-08 00:00:00,8,янв,2,1,7,Сб,202202,2,2
2022-01-09 00:00:00,9,янв,3,1,1,Вс,202203,2,3
2022-01-10 00:00:00,10,янв,3,1,2,Пн,202203,3,3
2022-01-11 00:00:00,11,янв,3,1,3,Вт,202203,3,3
2022-01-12 00:00:00,12,янв,3,1,4,Ср,202203,3,3
2022-01-13 00:00:00,13,янв,3,1,5,Чт,202203,3,3
2022-01-14 00:00:00,14,янв,3,1,6,Пт,202203,3,3
2022-01-15 00:00:00,15,янв,3,1,7,Сб,202203,3,3
2022-01-16 00:00:00,16,янв,4,1,1,Вс,202204,3,4
2022-01-17 00:00:00,17,янв,4,1,2,Пн,202204,4,4
2022-01-18 00:00:00,18,янв,4,1,3,Вт,202204,4,4
2022-01-19 00:00:00,19,янв,4,1,4,Ср,202204,4,4
2022-01-20 00:00:00,20,янв,4,1,5,Чт,202204,4,4
2022-01-21 00:00:00,21,янв,4,1,6,Пт,202204,4,4
2022-01-22 00:00:00,22,янв,4,1,7,Сб,202204,4,4
2022-01-23 00:00:00,23,янв,5,1,1,Вс,202205,4,5
2022-01-24 00:00:00,24,янв,5,1,2,Пн,202205,5,5
2022-01-25 00:00:00,25,янв,5,1,3,Вт,202205,5,5
2022-01-26 00:00:00,26,янв,5,1,4,Ср,202205,5,5
2022-01-27 00:00:00,27,янв,5,1,5,Чт,202205,5,5
2022-01-28 00:00:00,28,янв,5,1,6,Пт,202205,5,5
2022-01-29 00:00:00,29,янв,5,1,7,Сб,202205,5,5
2022-01-30 00:00:00,30,янв,6,1,1,Вс,202206,5,6
2022-01-31 00:00:00,31,янв,6,1,2,Пн,202206,6,6
2022-02-01 00:00:00,1,фев,6,2,3,Вт,202206,6,6
2022-02-02 00:00:00,2,фев,6,2,4,Ср,202206,6,6
2022-02-03 00:00:00,3,фев,6,2,5,Чт,202206,6,6
2022-02-04 00:00:00,4,фев,6,2,6,Пт,202206,6,6
2022-02-05 00:00:00,5,фев,6,2,7,Сб,202206,6,6
2022-02-06 00:00:00,6,фев,7,2,1,Вс,202207,6,7
2022-02-07 00:00:00,7,фев,7,2,2,Пн,202207,7,7
2022-02-08 00:00:00,8,фев,7,2,3,Вт,202207,7,7
2022-02-09 00:00:00,9,фев,7,2,4,Ср,202207,7,7
2022-02-10 00:00:00,10,фев,7,2,5,Чт,202207,7,7
2022-02-11 00:00:00,11,фев,7,2,6,Пт,202207,7,7
2022-02-12 00:00:00,12,фев,7,2,7,Сб,202207,7,7
2022-02-13 00:00:00,13,фев,8,2,1,Вс,202208,7,8
2022-02-14 00:00:00,14,фев,8,2,2,Пн,202208,8,8
2022-02-15 00:00:00,15,фев,8,2,3,Вт,202208,8,8
2022-02-16 00:00:00,16,фев,8,2,4,Ср,202208,8,8
2022-02-17 00:00:00,17,фев,8,2,5,Чт,202208,8,8
2022-02-18 00:00:00,18,фев,8,2,6,Пт,202208,8,8
2022-02-19 00:00:00,19,фев,8,2,7,Сб,202208,8,8
2022-02-20 00:00:00,20,фев,9,2,1,Вс,202209,8,9
2022-02-21 00:00:00,21,фев,9,2,2,Пн,202209,9,9
2022-02-22 00:00:00,22,фев,9,2,3,Вт,202209,9,9
2022-02-23 00:00:00,23,фев,9,2,4,Ср,202209,9,9
2022-02-24 00:00:00,24,фев,9,2,5,Чт,202209,9,9
2022-02-25 00:00:00,25,фев,9,2,6,Пт,202209,9,9
2022-02-26 00:00:00,26,фев,9,2,7,Сб,202209,9,9
2022-02-27 00:00:00,27,фев,10,2,1,Вс,202210,9,10
2022-02-28 00:00:00,28,фев,10,2,2,Пн,202210,10,10
2022-03-01 00:00:00,1,мар,10,3,3,Вт,202210,10,10
2022-03-02 00:00:00,2,мар,10,3,4,Ср,202210,10,10
2022-03-03 00:00:00,3,мар,10,3,5,Чт,202210,10,10
2022-03-04 00:00:00,4,мар,10,3,6,Пт,202210,10,10
2022-03-05 00:00:00,5,мар,10,3,7,Сб,202210,10,10
2022-03-06 00:00:00,6,мар,11,3,1,Вс,202211,10,11
2022-03-07 00:00:00,7,мар,11,3,2,Пн,202211,11,11
2022-03-08 00:00:00,8,мар,11,3,3,Вт,202211,11,11
2022-03-09 00:00:00,9,мар,11,3,4,Ср,202211,11,11
2022-03-10 00:00:00,10,мар,11,3,5,Чт,202211,11,11
2022-03-11 00:00:00,11,мар,11,3,6,Пт,202211,11,11
2022-03-12 00:00:00,12,мар,11,3,7,Сб,202211,11,11
2022-03-13 00:00:00,13,мар,12,3,1,Вс,202212,11,12
2022-03-14 00:00:00,14,мар,12,3,2,Пн,202212,12,12
2022-03-15 00:00:00,15,мар,12,3,3,Вт,202212,12,12
2022-03-16 00:00:00,16,мар,12,3,4,Ср,202212,12,12
2022-03-17 00:00:00,17,мар,12,3,5,Чт,202212,12,12
2022-03-18 00:00:00,18,мар,12,3,6,Пт,202212,12,12
2022-03-19 00:00:00,19,мар,12,3,7,Сб,202212,12,12
2022-03-20 00:00:00,20,мар,13,3,1,Вс,202213,12,13
2022-03-21 00:00:00,21,мар,13,3,2,Пн,202213,13,13
2022-03-22 00:00:00,22,мар,13,3,3,Вт,202213,13,13
2022-03-23 00:00:00,23,мар,13,3,4,Ср,202213,13,13
2022-03-24 00:00:00,24,мар,13,3,5,Чт,202213,13,13
2022-03-25 00:00:00,25,мар,13,3,6,Пт,202213,13,13
2022-03-26 00:00:00,26,мар,13,3,7,Сб,202213,13,13
2022-03-27 00:00:00,27,мар,14,3,1,Вс,202214,13,14
2022-03-28 00:00:00,28,мар,14,3,2,Пн,202214,14,14
2022-03-29 00:00:00,29,мар,14,3,3,Вт,202214,14,14
2022-03-30 00:00:00,30,мар,14,3,4,Ср,202214,14,14
2022-03-31 00:00:00,31,мар,14,3,5,Чт,202214,14,14
2022-04-01 00:00:00,1,апр,14,4,6,Пт,202214,14,14
2022-04-02 00:00:00,2,апр,14,4,7,Сб,202214,14,14
2022-04-03 00:00:00,3,апр,15,4,1,Вс,202215,14,15
2022-04-04 00:00:00,4,апр,15,4,2,Пн,202215,15,15
2022-04-05 00:00:00,5,апр,15,4,3,Вт,202215,15,15
2022-04-06 00:00:00,6,апр,15,4,4,Ср,202215,15,15
2022-04-07 00:00:00,7,апр,15,4,5,Чт,202215,15,15
2022-04-08 00:00:00,8,апр,15,4,6,Пт,202215,15,15
2022-04-09 00:00:00,9,апр,15,4,7,Сб,202215,15,15
2022-04-10 00:00:00,10,апр,16,4,1,Вс,202216,15,16
2022-04-11 00:00:00,11,апр,16,4,2,Пн,202216,16,16
2022-04-12 00:00:00,12,апр,16,4,3,Вт,202216,16,16
2022-04-13 00:00:00,13,апр,16,4,4,Ср,202216,16,16
2022-04-14 00:00:00,14,апр,16,4,5,Чт,202216,16,16
2022-04-15 00:00:00,15,апр,16,4,6,Пт,202216,16,16
2022-04-16 00:00:00,16,апр,16,4,7,Сб,202216,16,16
2022-04-17 00:00:00,17,апр,17,4,1,Вс,202217,16,17
2022-04-18 00:00:00,18,апр,17,4,2,Пн,202217,17,17
2022-04-19 00:00:00,19,апр,17,4,3,Вт,202217,17,17
2022-04-20 00:00:00,20,апр,17,4,4,Ср,202217,17,17
2022-04-21 00:00:00,21,апр,17,4,5,Чт,202217,17,17
2022-04-22 00:00:00,22,апр,17,4,6,Пт,202217,17,17
2022-04-23 00:00:00,23,апр,17,4,7,Сб,202217,17,17
2022-04-24 00:00:00,24,апр,18,4,1,Вс,202218,17,18
2022-04-25 00:00:00,25,апр,18,4,2,Пн,202218,18,18
2022-04-26 00:00:00,26,апр,18,4,3,Вт,202218,18,18
2022-04-27 00:00:00,27,апр,18,4,4,Ср,202218,18,18
2022-04-28 00:00:00,28,апр,18,4,5,Чт,202218,18,18
2022-04-29 00:00:00,29,апр,18,4,6,Пт,202218,18,18
2022-04-30 00:00:00,30,апр,18,4,7,Сб,202218,18,18
2022-05-01 00:00:00,1,май,19,5,1,Вс,202219,18,19
2022-05-02 00:00:00,2,май,19,5,2,Пн,202219,19,19
2022-05-03 00:00:00,3,май,19,5,3,Вт,202219,19,19
2022-05-04 00:00:00,4,май,19,5,4,Ср,202219,19,19
2022-05-05 00:00:00,5,май,19,5,5,Чт,202219,19,19
2022-05-06 00:00:00,6,май,19,5,6,Пт,202219,19,19
2022-05-07 00:00:00,7,май,19,5,7,Сб,202219,19,19
2022-05-08 00:00:00,8,май,20,5,1,Вс,202220,19,20
2022-05-09 00:00:00,9,май,20,5,2,Пн,202220,20,20
2022-05-10 00:00:00,10,май,20,5,3,Вт,202220,20,20
2022-05-11 00:00:00,11,май,20,5,4,Ср,202220,20,20
2022-05-12 00:00:00,12,май,20,5,5,Чт,202220,20,20
2022-05-13 00:00:00,13,май,20,5,6,Пт,202220,20,20
2022-05-14 00:00:00,14,май,20,5,7,Сб,202220,20,20
2022-05-15 00:00:00,15,май,21,5,1,Вс,202221,20,21
2022-05-16 00:00:00,16,май,21,5,2,Пн,202221,21,21
2022-05-17 00:00:00,17,май,21,5,3,Вт,202221,21,21
2022-05-18 00:00:00,18,май,21,5,4,Ср,202221,21,21
2022-05-19 00:00:00,19,май,21,5,5,Чт,202221,21,21
2022-05-20 00:00:00,20,май,21,5,6,Пт,202221,21,21
2022-05-21 00:00:00,21,май,21,5,7,Сб,202221,21,21
2022-05-22 00:00:00,22,май,22,5,1,Вс,202222,21,22
2022-05-23 00:00:00,23,май,22,5,2,Пн,202222,22,22
2022-05-24 00:00:00,24,май,22,5,3,Вт,202222,22,22
2022-05-25 00:00:00,25,май,22,5,4,Ср,202222,22,22
2022-05-26 00:00:00,26,май,22,5,5,Чт,202222,22,22
2022-05-27 00:00:00,27,май,22,5,6,Пт,202222,22,22
2022-05-28 00:00:00,28,май,22,5,7,Сб,202222,22,22
2022-05-29 00:00:00,29,май,23,5,1,Вс,202223,22,23
2022-05-30 00:00:00,30,май,23,5,2,Пн,202223,23,23
2022-05-31 00:00:00,31,май,23,5,3,Вт,202223,23,23
2022-06-01 00:00:00,1,июн,23,6,4,Ср,202223,23,23
2022-06-02 00:00:00,2,июн,23,6,5,Чт,202223,23,23
2022-06-03 00:00:00,3,июн,23,6,6,Пт,202223,23,23
2022-06-04 00:00:00,4,июн,23,6,7,Сб,202223,23,23
2022-06-05 00:00:00,5,июн,24,6,1,Вс,202224,23,24
2022-06-06 00:00:00,6,июн,24,6,2,Пн,202224,24,24
2022-06-07 00:00:00,7,июн,24,6,3,Вт,202224,24,24
2022-06-08 00:00:00,8,июн,24,6,4,Ср,202224,24,24
2022-06-09 00:00:00,9,июн,24,6,5,Чт,202224,24,24
2022-06-10 00:00:00,10,июн,24,6,6,Пт,202224,24,24
2022-06-11 00:00:00,11,июн,24,6,7,Сб,202224,24,24
2022-06-12 00:00:00,12,июн,25,6,1,Вс,202225,24,25
2022-06-13 00:00:00,13,июн,25,6,2,Пн,202225,25,25
2022-06-14 00:00:00,14,июн,25,6,3,Вт,202225,25,25
2022-06-15 00:00:00,15,июн,25,6,4,Ср,202225,25,25
2022-06-16 00:00:00,16,июн,25,6,5,Чт,202225,25,25
2022-06-17 00:00:00,17,июн,25,6,6,Пт,202225,25,25
2022-06-18 00:00:00,18,июн,25,6,7,Сб,202225,25,25
2022-06-19 00:00:00,19,июн,26,6,1,Вс,202226,25,26
2022-06-20 00:00:00,20,июн,26,6,2,Пн,202226,26,26
2022-06-21 00:00:00,21,июн,26,6,3,Вт,202226,26,26
2022-06-22 00:00:00,22,июн,26,6,4,Ср,202226,26,26
2022-06-23 00:00:00,23,июн,26,6,5,Чт,202226,26,26
2022-06-24 00:00:00,24,июн,26,6,6,Пт,202226,26,26
2022-06-25 00:00:00,25,июн,26,6,7,Сб,202226,26,26
2022-06-26 00:00:00,26,июн,27,6,1,Вс,202227,26,27
2022-06-27 00:00:00,27,июн,27,6,2,Пн,202227,27,27
2022-06-28 00:00:00,28,июн,27,6,3,Вт,202227,27,27
2022-06-29 00:00:00,29,июн,27,6,4,Ср,202227,27,27
2022-06-30 00:00:00,30,июн,27,6,5,Чт,202227,27,27
2022-07-01 00:00:00,1,июл,27,7,6,Пт,202227,27,27
2022-07-02 00:00:00,2,июл,27,7,7,Сб,202227,27,27
2022-07-03 00:00:00,3,июл,28,7,1,Вс,202228,27,28
2022-07-04 00:00:00,4,июл,28,7,2,Пн,202228,28,28
2022-07-05 00:00:00,5,июл,28,7,3,Вт,202228,28,28
2022-07-06 00:00:00,6,июл,28,7,4,Ср,202228,28,28
2022-07-07 00:00:00,7,июл,28,7,5,Чт,202228,28,28
2022-07-08 00:00:00,8,июл,28,7,6,Пт,202228,28,28
2022-07-09 00:00:00,9,июл,28,7,7,Сб,202228,28,28
2022-07-10 00:00:00,10,июл,29,7,1,Вс,202229,28,29
2022-07-11 00:00:00,11,июл,29,7,2,Пн,202229,29,29
2022-07-12 00:00:00,12,июл,29,7,3,Вт,202229,29,29
2022-07-13 00:00:00,13,июл,29,7,4,Ср,202229,29,29
2022-07-14 00:00:00,14,июл,29,7,5,Чт,202229,29,29
2022-07-15 00:00:00,15,июл,29,7,6,Пт,202229,29,29
2022-07-16 00:00:00,16,июл,29,7,7,Сб,202229,29,29
2022-07-17 00:00:00,17,июл,30,7,1,Вс,202230,29,30
2022-07-18 00:00:00,18,июл,30,7,2,Пн,202230,30,30
2022-07-19 00:00:00,19,июл,30,7,3,Вт,202230,30,30
2022-07-20 00:00:00,20,июл,30,7,4,Ср,202230,30,30
2022-07-21 00:00:00,21,июл,30,7,5,Чт,202230,30,30
2022-07-22 00:00:00,22,июл,30,7,6,Пт,202230,30,30
2022-07-23 00:00:00,23,июл,30,7,7,Сб,202230,30,30
2022-07-24 00:00:00,24,июл,31,7,1,Вс,202231,30,31
2022-07-25 00:00:00,25,июл,31,7,2,Пн,202231,31,31
2022-07-26 00:00:00,26,июл,31,7,3,Вт,202231,31,31
2022-07-27 00:00:00,27,июл,31,7,4,Ср,202231,31,31
2022-07-28 00:00:00,28,июл,31,7,5,Чт,202231,31,31
2022-07-29 00:00:00,29,июл,31,7,6,Пт,202231,31,31
2022-07-30 00:00:00,30,июл,31,7,7,Сб,202231,31,31
2022-07-31 00:00:00,31,июл,32,7,1,Вс,202232,31,32
2022-08-01 00:00:00,1,авг,32,8,2,Пн,202232,32,32
2022-08-02 00:00:00,2,авг,32,8,3,Вт,202232,32,32
2022-08-03 00:00:00,3,авг,32,8,4,Ср,202232,32,32
2022-08-04 00:00:00,4,авг,32,8,5,Чт,202232,32,32
2022-08-05 00:00:00,5,авг,32,8,6,Пт,202232,32,32
2022-08-06 00:00:00,6,авг,32,8,7,Сб,202232,32,32
2022-08-07 00:00:00,7,авг,33,8,1,Вс,202233,32,33
2022-08-08 00:00:00,8,авг,33,8,2,Пн,202233,33,33
2022-08-09 00:00:00,9,авг,33,8,3,Вт,202233,33,33
2022-08-10 00:00:00,10,авг,33,8,4,Ср,202233,33,33
2022-08-11 00:00:00,11,авг,33,8,5,Чт,202233,33,33
2022-08-12 00:00:00,12,авг,33,8,6,Пт,202233,33,33
2022-08-13 00:00:00,13,авг,33,8,7,Сб,202233,33,33
2022-08-14 00:00:00,14,авг,34,8,1,Вс,202234,33,34
2022-08-15 00:00:00,15,авг,34,8,2,Пн,202234,34,34
2022-08-16 00:00:00,16,авг,34,8,3,Вт,202234,34,34
2022-08-17 00:00:00,17,авг,34,8,4,Ср,202234,34,34
2022-08-18 00:00:00,18,авг,34,8,5,Чт,202234,34,34
2022-08-19 00:00:00,19,авг,34,8,6,Пт,202234,34,34
2022-08-20 00:00:00,20,авг,34,8,7,Сб,202234,34,34
2022-08-21 00:00:00,21,авг,35,8,1,Вс,202235,34,35
2022-08-22 00:00:00,22,авг,35,8,2,Пн,202235,35,35
2022-08-23 00:00:00,23,авг,35,8,3,Вт,202235,35,35
2022-08-24 00:00:00,24,авг,35,8,4,Ср,202235,35,35
2022-08-25 00:00:00,25,авг,35,8,5,Чт,202235,35,35
2022-08-26 00:00:00,26,авг,35,8,6,Пт,202235,35,35
2022-08-27 00:00:00,27,авг,35,8,7,Сб,202235,35,35
2022-08-28 00:00:00,28,авг,36,8,1,Вс,202236,35,36
2022-08-29 00:00:00,29,авг,36,8,2,Пн,202236,36,36
2022-08-30 00:00:00,30,авг,36,8,3,Вт,202236,36,36
2022-08-31 00:00:00,31,авг,36,8,4,Ср,202236,36,36
2022-09-01 00:00:00,1,сен,36,9,5,Чт,202236,36,36
2022-09-02 00:00:00,2,сен,36,9,6,Пт,202236,36,36
2022-09-03 00:00:00,3,сен,36,9,7,Сб,202236,36,36
2022-09-04 00:00:00,4,сен,37,9,1,Вс,202237,36,37
2022-09-05 00:00:00,5,сен,37,9,2,Пн,202237,37,37
2022-09-06 00:00:00,6,сен,37,9,3,Вт,202237,37,37
2022-09-07 00:00:00,7,сен,37,9,4,Ср,202237,37,37
2022-09-08 00:00:00,8,сен,37,9,5,Чт,202237,37,37
2022-09-09 00:00:00,9,сен,37,9,6,Пт,202237,37,37
2022-09-10 00:00:00,10,сен,37,9,7,Сб,202237,37,37
2022-09-11 00:00:00,11,сен,38,9,1,Вс,202238,37,38
2022-09-12 00:00:00,12,сен,38,9,2,Пн,202238,38,38
2022-09-13 00:00:00,13,сен,38,9,3,Вт,202238,38,38
2022-09-14 00:00:00,14,сен,38,9,4,Ср,202238,38,38
2022-09-15 00:00:00,15,сен,38,9,5,Чт,202238,38,38
2022-09-16 00:00:00,16,сен,38,9,6,Пт,202238,38,38
2022-09-17 00:00:00,17,сен,38,9,7,Сб,202238,38,38
2022-09-18 00:00:00,18,сен,39,9,1,Вс,202239,38,39
2022-09-19 00:00:00,19,сен,39,9,2,Пн,202239,39,39
2022-09-20 00:00:00,20,сен,39,9,3,Вт,202239,39,39
2022-09-21 00:00:00,21,сен,39,9,4,Ср,202239,39,39
2022-09-22 00:00:00,22,сен,39,9,5,Чт,202239,39,39
2022-09-23 00:00:00,23,сен,39,9,6,Пт,202239,39,39
2022-09-24 00:00:00,24,сен,39,9,7,Сб,202239,39,39
2022-09-25 00:00:00,25,сен,40,9,1,Вс,202240,39,40
2022-09-26 00:00:00,26,сен,40,9,2,Пн,202240,40,40
2022-09-27 00:00:00,27,сен,40,9,3,Вт,202240,40,40
2022-09-28 00:00:00,28,сен,40,9,4,Ср,202240,40,40
2022-09-29 00:00:00,29,сен,40,9,5,Чт,202240,40,40
2022-09-30 00:00:00,30,сен,40,9,6,Пт,202240,40,40
2022-10-01 00:00:00,1,окт,40,10,7,Сб,202240,40,40
2022-10-02 00:00:00,2,окт,41,10,1,Вс,202241,40,41
2022-10-03 00:00:00,3,окт,41,10,2,Пн,202241,41,41
2022-10-04 00:00:00,4,окт,41,10,3,Вт,202241,41,41
2022-10-05 00:00:00,5,окт,41,10,4,Ср,202241,41,41
2022-10-06 00:00:00,6,окт,41,10,5,Чт,202241,41,41
2022-10-07 00:00:00,7,окт,41,10,6,Пт,202241,41,41
2022-10-08 00:00:00,8,окт,41,10,7,Сб,202241,41,41
2022-10-09 00:00:00,9,окт,42,10,1,Вс,202242,41,42
2022-10-10 00:00:00,10,окт,42,10,2,Пн,202242,42,42
2022-10-11 00:00:00,11,окт,42,10,3,Вт,202242,42,42
2022-10-12 00:00:00,12,окт,42,10,4,Ср,202242,42,42
2022-10-13 00:00:00,13,окт,42,10,5,Чт,202242,42,42
2022-10-14 00:00:00,14,окт,42,10,6,Пт,202242,42,42
2022-10-15 00:00:00,15,окт,42,10,7,Сб,202242,42,42
2022-10-16 00:00:00,16,окт,43,10,1,Вс,202243,42,43
2022-10-17 00:00:00,17,окт,43,10,2,Пн,202243,43,43
2022-10-18 00:00:00,18,окт,43,10,3,Вт,202243,43,43
2022-10-19 00:00:00,19,окт,43,10,4,Ср,202243,43,43
2022-10-20 00:00:00,20,окт,43,10,5,Чт,202243,43,43
2022-10-21 00:00:00,21,окт,43,10,6,Пт,202243,43,43
2022-10-22 00:00:00,22,окт,43,10,7,Сб,202243,43,43
2022-10-23 00:00:00,23,окт,44,10,1,Вс,202244,43,44
2022-10-24 00:00:00,24,окт,44,10,2,Пн,202244,44,44
2022-10-25 00:00:00,25,окт,44,10,3,Вт,202244,44,44
2022-10-26 00:00:00,26,окт,44,10,4,Ср,202244,44,44
2022-10-27 00:00:00,27,окт,44,10,5,Чт,202244,44,44
2022-10-28 00:00:00,28,окт,44,10,6,Пт,202244,44,44
2022-10-29 00:00:00,29,окт,44,10,7,Сб,202244,44,44
2022-10-30 00:00:00,30,окт,45,10,1,Вс,202245,44,45
2022-10-31 00:00:00,31,окт,45,10,2,Пн,202245,45,45
2022-11-01 00:00:00,1,ноя,45,11,3,Вт,202245,45,45
2022-11-02 00:00:00,2,ноя,45,11,4,Ср,202245,45,45
2022-11-03 00:00:00,3,ноя,45,11,5,Чт,202245,45,45
2022-11-04 00:00:00,4,ноя,45,11,6,Пт,202245,45,45
2022-11-05 00:00:00,5,ноя,45,11,7,Сб,202245,45,45
2022-11-06 00:00:00,6,ноя,46,11,1,Вс,202246,45,46
2022-11-07 00:00:00,7,ноя,46,11,2,Пн,202246,46,46
2022-11-08 00:00:00,8,ноя,46,11,3,Вт,202246,46,46
2022-11-09 00:00:00,9,ноя,46,11,4,Ср,202246,46,46
2022-11-10 00:00:00,10,ноя,46,11,5,Чт,202246,46,46
2022-11-11 00:00:00,11,ноя,46,11,6,Пт,202246,46,46
2022-11-12 00:00:00,12,ноя,46,11,7,Сб,202246,46,46
2022-11-13 00:00:00,13,ноя,47,11,1,Вс,202247,46,47
2022-11-14 00:00:00,14,ноя,47,11,2,Пн,202247,47,47
2022-11-15 00:00:00,15,ноя,47,11,3,Вт,202247,47,47
2022-11-16 00:00:00,16,ноя,47,11,4,Ср,202247,47,47
2022-11-17 00:00:00,17,ноя,47,11,5,Чт,202247,47,47
2022-11-18 00:00:00,18,ноя,47,11,6,Пт,202247,47,47
2022-11-19 00:00:00,19,ноя,47,11,7,Сб,202247,47,47
2022-11-20 00:00:00,20,ноя,48,11,1,Вс,202248,47,48
2022-11-21 00:00:00,21,ноя,48,11,2,Пн,202248,48,48
2022-11-22 00:00:00,22,ноя,48,11,3,Вт,202248,48,48
2022-11-23 00:00:00,23,ноя,48,11,4,Ср,202248,48,48
2022-11-24 00:00:00,24,ноя,48,11,5,Чт,202248,48,48
2022-11-25 00:00:00,25,ноя,48,11,6,Пт,202248,48,48
2022-11-26 00:00:00,26,ноя,48,11,7,Сб,202248,48,48
2022-11-27 00:00:00,27,ноя,49,11,1,Вс,202249,48,49
2022-11-28 00:00:00,28,ноя,49,11,2,Пн,202249,49,49
2022-11-29 00:00:00,29,ноя,49,11,3,Вт,202249,49,49
2022-11-30 00:00:00,30,ноя,49,11,4,Ср,202249,49,49
2022-12-01 00:00:00,1,дек,49,12,5,Чт,202249,49,49
2022-12-02 00:00:00,2,дек,49,12,6,Пт,202249,49,49
2022-12-03 00:00:00,3,дек,49,12,7,Сб,202249,49,49
2022-12-04 00:00:00,4,дек,50,12,1,Вс,202250,49,50
2022-12-05 00:00:00,5,дек,50,12,2,Пн,202250,50,50
2022-12-06 00:00:00,6,дек,50,12,3,Вт,202250,50,50
2022-12-07 00:00:00,7,дек,50,12,4,Ср,202250,50,50
2022-12-08 00:00:00,8,дек,50,12,5,Чт,202250,50,50
2022-12-09 00:00:00,9,дек,50,12,6,Пт,202250,50,50
2022-12-10 00:00:00,10,дек,50,12,7,Сб,202250,50,50
2022-12-11 00:00:00,11,дек,51,12,1,Вс,202251,50,51
2022-12-12 00:00:00,12,дек,51,12,2,Пн,202251,51,51
2022-12-13 00:00:00,13,дек,51,12,3,Вт,202251,51,51
2022-12-14 00:00:00,14,дек,51,12,4,Ср,202251,51,51
2022-12-15 00:00:00,15,дек,51,12,5,Чт,202251,51,51
2022-12-16 00:00:00,16,дек,51,12,6,Пт,202251,51,51
2022-12-17 00:00:00,17,дек,51,12,7,Сб,202251,51,51
2022-12-18 00:00:00,18,дек,52,12,1,Вс,202252,51,52
2022-12-19 00:00:00,19,дек,52,12,2,Пн,202252,52,52
2022-12-20 00:00:00,20,дек,52,12,3,Вт,202252,52,52
2022-12-21 00:00:00,21,дек,52,12,4,Ср,202252,52,52
2022-12-22 00:00:00,22,дек,52,12,5,Чт,202252,52,52
2022-12-23 00:00:00,23,дек,52,12,6,Пт,202252,52,52
2022-12-24 00:00:00,24,дек,52,12,7,Сб,202252,52,52
2022-12-25 00:00:00,25,дек,53,12,1,Вс,202253,52,53
2022-12-26 00:00:00,26,дек,53,12,2,Пн,202253,53,53
2022-12-27 00:00:00,27,дек,53,12,3,Вт,202253,53,53
2022-12-28 00:00:00,28,дек,53,12,4,Ср,202253,53,53
2022-12-29 00:00:00,29,дек,53,12,5,Чт,202253,53,53
2022-12-30 00:00:00,30,дек,53,12,6,Пт,202253,53,53
2022-12-31 00:00:00,31,дек,53,12,7,Сб,202253,53,53
2023-01-01 00:00:00,1,янв,1,1,1,Вс,202301,0,1
2023-01-02 00:00:00,2,янв,1,1,2,Пн,202301,1,1
2023-01-03 00:00:00,3,янв,1,1,3,Вт,202301,1,1
2023-01-04 00:00:00,4,янв,1,1,4,Ср,202301,1,1
2023-01-05 00:00:00,5,янв,1,1,5,Чт,202301,1,1
2023-01-06 00:00:00,6,янв,1,1,6,Пт,202301,1,1
2023-01-07 00:00:00,7,янв,1,1,7,Сб,202301,1,1
2023-01-08 00:00:00,8,янв,2,1,1,Вс,202302,1,2
2023-01-09 00:00:00,9,янв,2,1,2,Пн,202302,2,2
2023-01-10 00:00:00,10,янв,2,1,3,Вт,202302,2,2
2023-01-11 00:00:00,11,янв,2,1,4,Ср,202302,2,2
2023-01-12 00:00:00,12,янв,2,1,5,Чт,202302,2,2
2023-01-13 00:00:00,13,янв,2,1,6,Пт,202302,2,2
2023-01-14 00:00:00,14,янв,2,1,7,Сб,202302,2,2
2023-01-15 00:00:00,15,янв,3,1,1,Вс,202303,2,3
2023-01-16 00:00:00,16,янв,3,1,2,Пн,202303,3,3
2023-01-17 00:00:00,17,янв,3,1,3,Вт,202303,3,3
2023-01-18 00:00:00,18,янв,3,1,4,Ср,202303,3,3
2023-01-19 00:00:00,19,янв,3,1,5,Чт,202303,3,3
2023-01-20 00:00:00,20,янв,3,1,6,Пт,202303,3,3
2023-01-21 00:00:00,21,янв,3,1,7,Сб,202303,3,3
2023-01-22 00:00:00,22,янв,4,1,1,Вс,202304,3,4
2023-01-23 00:00:00,23,янв,4,1,2,Пн,202304,4,4
2023-01-24 00:00:00,24,янв,4,1,3,Вт,202304,4,4
2023-01-25 00:00:00,25,янв,4,1,4,Ср,202304,4,4
2023-01-26 00:00:00,26,янв,4,1,5,Чт,202304,4,4
2023-01-27 00:00:00,27,янв,4,1,6,Пт,202304,4,4
2023-01-28 00:00:00,28,янв,4,1,7,Сб,202304,4,4
2023-01-29 00:00:00,29,янв,5,1,1,Вс,202305,4,5
2023-01-30 00:00:00,30,янв,5,1,2,Пн,202305,5,5
2023-01-31 00:00:00,31,янв,5,1,3,Вт,202305,5,5
2023-02-01 00:00:00,1,фев,5,2,4,Ср,202305,5,5
2023-02-02 00:00:00,2,фев,5,2,5,Чт,202305,5,5
2023-02-03 00:00:00,3,фев,5,2,6,Пт,202305,5,5
2023-02-04 00:00:00,4,фев,5,2,7,Сб,202305,5,5
2023-02-05 00:00:00,5,фев,6,2,1,Вс,202306,5,6
